CCCD,HoTen,SDT,Email,Phai
012345678901,Nguyen Van A,0987654321,nguyenvana@example.com,Nam
098765432112,Tran Thi B,0912345678,tranthib@example.com,Nu
123456789012,Le Van C,0909876543,levanc@example.com,Nam
234567890123,Pham Thi D,0978123456,phamthid@example.com,Nu
345678901234,Nguyen Van E,0934567890,nguyenvane@example.com,Nam
456789012345,Tran Thi F,0985671234,tranthif@example.com,Nu
567890123456,Le Van G,0901234567,levang@example.com,Nam
678901234567,Pham Thi H,0910987654,phamthih@example.com,Nu
789012345678,Nguyen Van I,0932109876,nguyenvani@example.com,Nam
890123456789,Tran Thi J,0976543210,tranthij@example.com,Nu
901234567890,Le Van K,0987456321,levank@example.com,Nam
012345678910,Pham Thi L,0909871234,phamthil@example.com,Nu
112233445566,Nguyen Van M,0911239876,nguyenvanm@example.com,Nam
223344556677,Tran Thi N,0933456789,tranthin@example.com,Nu
334455667788,Le Van O,0909876541,levano@example.com,Nam
445566778899,Pham Thi P,0910987653,phamthip@example.com,Nu
556677889900,Nguyen Van Q,0932109875,nguyenvanq@example.com,Nam
667788990011,Tran Thi R,0976543219,tranthir@example.com,Nu
778899001122,Le Van S,0987654322,levans@example.com,Nam
889900112233,Pham Thi T,0901234568,phamthit@example.com,Nu
